id	new_id	new_species	new_genus	new_family
Clostridium sensu stricto 1 baratii	Clostridium baratii	Clostridium baratii	Clostridium	Clostridiaceae
Clostridium_sensu_stricto_1 baratii	Clostridium baratii	Clostridium baratii	Clostridium	Clostridiaceae
Clostridium sensu stricto 1 beijerinckii	Clostridium beijerincki	Clostridium beijerincki	Clostridium	Clostridiaceae
Clostridium_sensu_stricto_1 beijerinckii	Clostridium beijerincki	Clostridium beijerincki	Clostridium	Clostridiaceae
Clostridium sensu stricto 1 botulinum	Clostridium botulinum	Clostridium botulinum	Clostridium	Clostridiaceae
Clostridium_sensu_stricto_1 botulinum	Clostridium botulinum	Clostridium botulinum	Clostridium	Clostridiaceae
Clostridium sensu stricto 1 butyricum	Clostridium butyricum	Clostridium butyricum	Clostridium	Clostridiaceae
Clostridium_sensu_stricto_1 butyricum	Clostridium butyricum	Clostridium butyricum	Clostridium	Clostridiaceae
Clostridium sensu stricto 1 chartatabidum	Clostridium chartatabidum	Clostridium chartatabidum	Clostridium	Clostridiaceae
Clostridium_sensu_stricto_1 chartatabidum	Clostridium chartatabidum	Clostridium chartatabidum	Clostridium	Clostridiaceae
Clostridium sensu stricto 1 chauvoei	Clostridium chauvoei	Clostridium chauvoei	Clostridium	Clostridiaceae
Clostridium_sensu_stricto_1 chauvoei	Clostridium chauvoei	Clostridium chauvoei	Clostridium	Clostridiaceae
Clostridium sensu stricto 1 chromiireducens	Clostridium chromiireducens	Clostridium chromiireducens	Clostridium	Clostridiaceae
Clostridium_sensu_stricto_1 chromiireducens	Clostridium chromiireducens	Clostridium chromiireducens	Clostridium	Clostridiaceae
Clostridium sensu stricto 1 colicanis	Clostridium colicanis	Clostridium colicanis	Clostridium	Clostridiaceae
Clostridium_sensu_stricto_1 colicanis	Clostridium colicanis	Clostridium colicanis	Clostridium	Clostridiaceae
Clostridium sensu stricto 1 disporicum	Clostridium disporicum	Clostridium disporicum	Clostridium	Clostridiaceae
Clostridium_sensu_stricto_1 disporicum	Clostridium disporicum	Clostridium disporicum	Clostridium	Clostridiaceae
Clostridium sensu stricto 1 gasigenes	Clostridium gasigenes	Clostridium gasigenes	Clostridium	Clostridiaceae
Clostridium_sensu_stricto_1 gasigenes	Clostridium gasigenes	Clostridium gasigenes	Clostridium	Clostridiaceae
Clostridium sensu stricto 1 isatidis	Clostridium isatidis	Clostridium isatidis	Clostridium	Clostridiaceae
Clostridium_sensu_stricto_1 isatidis	Clostridium isatidis	Clostridium isatidis	Clostridium	Clostridiaceae
Clostridium sensu stricto 1 longisporum	Clostridium longisporum	Clostridium longisporum	Clostridium	Clostridiaceae
Clostridium_sensu_stricto_1 longisporum	Clostridium longisporum	Clostridium longisporum	Clostridium	Clostridiaceae
Clostridium sensu stricto 1 neonatale	Clostridium neonatale	Clostridium neonatale	Clostridium	Clostridiaceae
Clostridium_sensu_stricto_1 neonatale	Clostridium neonatale	Clostridium neonatale	Clostridium	Clostridiaceae
Clostridium sensu stricto 1 nigeriense	Clostridium nigeriense	Clostridium nigeriense	Clostridium	Clostridiaceae
Clostridium_sensu_stricto_1 nigeriense	Clostridium nigeriense	Clostridium nigeriense	Clostridium	Clostridiaceae
Clostridium sensu stricto 1 paraputrificum	Clostridium paraputrificum	Clostridium paraputrificum	Clostridium	Clostridiaceae
Clostridium_sensu_stricto_1 paraputrificum	Clostridium paraputrificum	Clostridium paraputrificum	Clostridium	Clostridiaceae
Clostridium sensu stricto 1 perfringens	Clostridium perfringens	Clostridium perfringens	Clostridium	Clostridiaceae
Clostridium_sensu_stricto_1 perfringens	Clostridium perfringens	Clostridium perfringens	Clostridium	Clostridiaceae
Clostridium sensu stricto 1 puniceum	Clostridium puniceum	Clostridium puniceum	Clostridium	Clostridiaceae
Clostridium_sensu_stricto_1 puniceum	Clostridium puniceum	Clostridium puniceum	Clostridium	Clostridiaceae
Clostridium sensu stricto 1 saccharobutylicum	Clostridium saccharobutylicum	Clostridium saccharobutylicum	Clostridium	Clostridiaceae
Clostridium_sensu_stricto_1 saccharobutylicum	Clostridium saccharobutylicum	Clostridium saccharobutylicum	Clostridium	Clostridiaceae
Clostridium sensu stricto 1 tertium	Clostridium tertium	Clostridium tertium	Clostridium	Clostridiaceae
Clostridium_sensu_stricto_1 tertium	Clostridium tertium	Clostridium tertium	Clostridium	Clostridiaceae
Clostridium sensu stricto 1 vincentii	Clostridium vincentii	Clostridium vincentii	Clostridium	Clostridiaceae
Clostridium_sensu_stricto_1 vincentii	Clostridium vincentii	Clostridium vincentii	Clostridium	Clostridiaceae
Clostridium sensu stricto 11 senegalense	Clostridium senegalense	Clostridium senegalense	Clostridium	Clostridiaceae
Clostridium_sensu_stricto_11 senegalense	Clostridium senegalense	Clostridium senegalense	Clostridium	Clostridiaceae
Clostridium sensu stricto 12 arbusti	Clostridium arbusti	Clostridium arbusti	Clostridium	Clostridiaceae
Clostridium_sensu_stricto_12 arbusti	Clostridium arbusti	Clostridium arbusti	Clostridium	Clostridiaceae
Clostridium sensu stricto 12 kluyveri	Clostridium kluyveri	Clostridium kluyveri	Clostridium	Clostridiaceae
Clostridium_sensu_stricto_12 kluyveri	Clostridium kluyveri	Clostridium kluyveri	Clostridium	Clostridiaceae
Clostridium sensu stricto 12 luticellarii	Clostridium luticellarii	Clostridium luticellarii	Clostridium	Clostridiaceae
Clostridium_sensu_stricto_12 luticellarii	Clostridium luticellarii	Clostridium luticellarii	Clostridium	Clostridiaceae
Clostridium sensu stricto 12 magnum	Clostridium magnum	Clostridium magnum	Clostridium	Clostridiaceae
Clostridium_sensu_stricto_12 magnum	Clostridium magnum	Clostridium magnum	Clostridium	Clostridiaceae
Clostridium sensu stricto 12 tyrobutyricum	Clostridium tyrobutyricum	Clostridium tyrobutyricum	Clostridium	Clostridiaceae
Clostridium_sensu_stricto_12 tyrobutyricum	Clostridium tyrobutyricum	Clostridium tyrobutyricum	Clostridium	Clostridiaceae
Clostridium sensu stricto 13 punense	Clostridium punense	Clostridium punense	Clostridium	Clostridiaceae
Clostridium_sensu_stricto_13 punense	Clostridium punense	Clostridium punense	Clostridium	Clostridiaceae
Clostridium sensu stricto 13 subterminale	Clostridium subterminale	Clostridium subterminale	Clostridium	Clostridiaceae
Clostridium_sensu_stricto_13 subterminale	Clostridium subterminale	Clostridium subterminale	Clostridium	Clostridiaceae
Clostridium sensu stricto 15 cochlearium	Clostridium cochlearium	Clostridium cochlearium	Clostridium	Clostridiaceae
Clostridium_sensu_stricto_15 cochlearium	Clostridium cochlearium	Clostridium cochlearium	Clostridium	Clostridiaceae
Clostridium sensu stricto 15 tetani	Clostridium tetani	Clostridium tetani	Clostridium	Clostridiaceae
Clostridium_sensu_stricto_15 tetani	Clostridium tetani	Clostridium tetani	Clostridium	Clostridiaceae
Clostridium sensu stricto 16 malenominatum	Clostridium malenominatum	Clostridium malenominatum	Clostridium	Clostridiaceae
Clostridium_sensu_stricto_16 malenominatum	Clostridium malenominatum	Clostridium malenominatum	Clostridium	Clostridiaceae
Clostridium sensu stricto 18 oceanicum	Clostridium oceanicum	Clostridium oceanicum	Clostridium	Clostridiaceae
Clostridium_sensu_stricto_18 oceanicum	Clostridium oceanicum	Clostridium oceanicum	Clostridium	Clostridiaceae
Clostridium sensu stricto 2 cadaveris	Clostridium cadaveris	Clostridium cadaveris	Clostridium	Clostridiaceae
Clostridium_sensu_stricto_2 cadaveris	Clostridium cadaveris	Clostridium cadaveris	Clostridium	Clostridiaceae
Clostridium sensu stricto 2 frigidicarnis	Clostridium frigidicarnis	Clostridium frigidicarnis	Clostridium	Clostridiaceae
Clostridium_sensu_stricto_2 frigidicarnis	Clostridium frigidicarnis	Clostridium frigidicarnis	Clostridium	Clostridiaceae
Clostridium sensu stricto 2 hydrogeniformans	Clostridium hydrogeniformans	Clostridium hydrogeniformans	Clostridium	Clostridiaceae
Clostridium_sensu_stricto_2 hydrogeniformans	Clostridium hydrogeniformans	Clostridium hydrogeniformans	Clostridium	Clostridiaceae
Clostridium sensu stricto 3 intestinale	Clostridium intestinale	Clostridium intestinale	Clostridium	Clostridiaceae
Clostridium_sensu_stricto_3 intestinale	Clostridium intestinale	Clostridium intestinale	Clostridium	Clostridiaceae
Clostridium sensu stricto 4 neonatale	Clostridium neonatale	Clostridium neonatale	Clostridium	Clostridiaceae
Clostridium_sensu_stricto_4 neonatale	Clostridium neonatale	Clostridium neonatale	Clostridium	Clostridiaceae
Clostridium sensu stricto 5 algidicarnis	Clostridium algidicarnis	Clostridium algidicarnis	Clostridium	Clostridiaceae
Clostridium_sensu_stricto_5 algidicarnis	Clostridium algidicarnis	Clostridium algidicarnis	Clostridium	Clostridiaceae
Clostridium sensu stricto 5 amazonitimonense	Clostridium amazonitimonense	Clostridium amazonitimonense	Clostridium	Clostridiaceae
Clostridium_sensu_stricto_5 amazonitimonense	Clostridium amazonitimonense	Clostridium amazonitimonense	Clostridium	Clostridiaceae
Clostridium sensu stricto 5 cavendishii	Clostridium cavendishii	Clostridium cavendishii	Clostridium	Clostridiaceae
Clostridium_sensu_stricto_5 cavendishii	Clostridium cavendishii	Clostridium cavendishii	Clostridium	Clostridiaceae
Clostridium sensu stricto 5 putrefaciens	Clostridium putrefaciens	Clostridium putrefaciens	Clostridium	Clostridiaceae
Clostridium_sensu_stricto_5 putrefaciens	Clostridium putrefaciens	Clostridium putrefaciens	Clostridium	Clostridiaceae
Clostridium sensu stricto 6 bornimense	Clostridium bornimense	Clostridium bornimense	Clostridium	Clostridiaceae
Clostridium_sensu_stricto_6 bornimense	Clostridium bornimense	Clostridium bornimense	Clostridium	Clostridiaceae
Clostridium sensu stricto 6 cellulovorans	Clostridium cellulovorans	Clostridium cellulovorans	Spirochaeta	Spirochaetaceae
Clostridium_sensu_stricto_6 cellulovorans	Clostridium cellulovorans	Clostridium cellulovorans	Spirochaeta	Spirochaetaceae
Clostridium sensu stricto 7 novyi	Clostridium novyi	Clostridium novyi	Clostridium	Clostridiaceae
Clostridium_sensu_stricto_7 novyi	Clostridium novyi	Clostridium novyi	Clostridium	Clostridiaceae
Clostridium sensu stricto 7 thermobutyricum	Clostridium thermobutyricum	Clostridium thermobutyricum	Clostridium	Clostridiaceae
Clostridium_sensu_stricto_7 thermobutyricum	Clostridium thermobutyricum	Clostridium thermobutyricum	Clostridium	Clostridiaceae
Clostridium sensu stricto 9 magnum	Clostridium magnum	Clostridium magnum	Clostridium	Clostridiaceae
Clostridium_sensu_stricto_9 magnum	Clostridium magnum	Clostridium magnum	Clostridium	Clostridiaceae
Coprococcus 1 catus	Coprococcus catus	Coprococcus catus	Coprococcus	Lachnospiraceae
Coprococcus_1 catus	Coprococcus catus	Coprococcus catus	Coprococcus	Lachnospiraceae
Coprococcus 2 eutactus	Coprococcus eutactus	Coprococcus eutactus	Coprococcus	Lachnospiraceae
Coprococcus_2 eutactus	Coprococcus eutactus	Coprococcus eutactus	Coprococcus	Lachnospiraceae
Coprococcus 3 comes	Coprococcus comes	Coprococcus comes	Coprococcus	Lachnospiraceae
Coprococcus_3 comes	Coprococcus comes	Coprococcus comes	Coprococcus	Lachnospiraceae
Corynebacterium 1 accolens	Corynebacterium accolens	Corynebacterium accolens	Corynebacterium	Corynebacteriaceae
Corynebacterium_1 accolens	Corynebacterium accolens	Corynebacterium accolens	Corynebacterium	Corynebacteriaceae
Corynebacterium 1 amycolatum	Corynebacterium amycolatum	Corynebacterium amycolatum	Corynebacterium	Corynebacteriaceae
Corynebacterium_1 amycolatum	Corynebacterium amycolatum	Corynebacterium amycolatum	Corynebacterium	Corynebacteriaceae
Corynebacterium 1 appendicis	Corynebacterium appendicis	Corynebacterium appendicis	Corynebacterium	Corynebacteriaceae
Corynebacterium_1 appendicis	Corynebacterium appendicis	Corynebacterium appendicis	Corynebacterium	Corynebacteriaceae
Corynebacterium 1 aurimucosum	Corynebacterium aurimucosum	Corynebacterium casei	Corynebacterium	Corynebacteriaceae
Corynebacterium_1 aurimucosum	Corynebacterium aurimucosum	Corynebacterium casei	Corynebacterium	Corynebacteriaceae
Corynebacterium 1 bovis	Corynebacterium bovis	Corynebacterium bovis	Corynebacterium	Corynebacteriaceae
Corynebacterium_1 bovis	Corynebacterium bovis	Corynebacterium bovis	Corynebacterium	Corynebacteriaceae
Corynebacterium 1 callunae	Corynebacterium callunae	Corynebacterium callunae	Corynebacterium	Corynebacteriaceae
Corynebacterium_1 callunae	Corynebacterium callunae	Corynebacterium callunae	Corynebacterium	Corynebacteriaceae
Corynebacterium 1 camporealensis	Corynebacterium camporealensis	Corynebacterium camporealensis	Corynebacterium	Corynebacteriaceae
Corynebacterium_1 camporealensis	Corynebacterium camporealensis	Corynebacterium camporealensis	Corynebacterium	Corynebacteriaceae
Corynebacterium 1 casei	Corynebacterium casei	Corynebacterium casei	Corynebacterium	Corynebacteriaceae
Corynebacterium_1 casei	Corynebacterium casei	Corynebacterium casei	Corynebacterium	Corynebacteriaceae
Corynebacterium 1 coyleae	Corynebacterium coyleae	Corynebacterium coyleae	Corynebacterium	Corynebacteriaceae
Corynebacterium_1 coyleae	Corynebacterium coyleae	Corynebacterium coyleae	Corynebacterium	Corynebacteriaceae
Corynebacterium 1 doosanense	Corynebacterium doosanense	Corynebacterium casei	Corynebacterium	Corynebacteriaceae
Corynebacterium_1 doosanense	Corynebacterium doosanense	Corynebacterium casei	Corynebacterium	Corynebacteriaceae
Corynebacterium 1 efficiens	Corynebacterium efficiens	Corynebacterium efficiens	Corynebacterium	Corynebacteriaceae
Corynebacterium_1 efficiens	Corynebacterium efficiens	Corynebacterium efficiens	Corynebacterium	Corynebacteriaceae
Corynebacterium 1 faecale	Corynebacterium faecale	Corynebacterium faecale	Corynebacterium	Corynebacteriaceae
Corynebacterium_1 faecale	Corynebacterium faecale	Corynebacterium faecale	Corynebacterium	Corynebacteriaceae
Corynebacterium 1 falsenii	Corynebacterium falsenii	Corynebacterium falsenii	Corynebacterium	Corynebacteriaceae
Corynebacterium_1 falsenii	Corynebacterium falsenii	Corynebacterium falsenii	Corynebacterium	Corynebacteriaceae
Corynebacterium 1 flavescens	Corynebacterium flavescens	Corynebacterium flavescens	Corynebacterium	Corynebacteriaceae
Corynebacterium_1 flavescens	Corynebacterium flavescens	Corynebacterium flavescens	Corynebacterium	Corynebacteriaceae
Corynebacterium 1 genitalium	Corynebacterium genitalium	Corynebacterium genitalium	Corynebacterium	Corynebacteriaceae
Corynebacterium_1 genitalium	Corynebacterium genitalium	Corynebacterium genitalium	Corynebacterium	Corynebacteriaceae
Corynebacterium 1 glaucum	Corynebacterium glaucum	Corynebacterium glaucum	Corynebacterium	Corynebacteriaceae
Corynebacterium_1 glaucum	Corynebacterium glaucum	Corynebacterium glaucum	Corynebacterium	Corynebacteriaceae
Corynebacterium 1 glutamicum	Corynebacterium glutamicum	Corynebacterium glutamicum	Corynebacterium	Corynebacteriaceae
Corynebacterium_1 glutamicum	Corynebacterium glutamicum	Corynebacterium glutamicum	Corynebacterium	Corynebacteriaceae
Corynebacterium 1 imitans	Corynebacterium imitans	Corynebacterium imitans	Corynebacterium	Corynebacteriaceae
Corynebacterium_1 imitans	Corynebacterium imitans	Corynebacterium imitans	Corynebacterium	Corynebacteriaceae
Corynebacterium 1 jeddahense	Corynebacterium jeddahense	Corynebacterium jeddahense	Corynebacterium	Corynebacteriaceae
Corynebacterium_1 jeddahense	Corynebacterium jeddahense	Corynebacterium jeddahense	Corynebacterium	Corynebacteriaceae
Corynebacterium 1 jeikeium	Corynebacterium jeikeium	Corynebacterium jeikeium	Corynebacterium	Corynebacteriaceae
Corynebacterium_1 jeikeium	Corynebacterium jeikeium	Corynebacterium jeikeium	Corynebacterium	Corynebacteriaceae
Corynebacterium 1 kroppenstedtii	Corynebacterium kroppenstedtii	Corynebacterium kroppenstedtii	Corynebacterium	Corynebacteriaceae
Corynebacterium_1 kroppenstedtii	Corynebacterium kroppenstedtii	Corynebacterium kroppenstedtii	Corynebacterium	Corynebacteriaceae
Corynebacterium 1 lactis	Corynebacterium lactis	Corynebacterium lactis	Corynebacterium	Corynebacteriaceae
Corynebacterium_1 lactis	Corynebacterium lactis	Corynebacterium lactis	Corynebacterium	Corynebacteriaceae
Corynebacterium 1 lipophiloflavum	Corynebacterium lipophiloflavum	Corynebacterium lipophiloflavum	Corynebacterium	Corynebacteriaceae
Corynebacterium_1 lipophiloflavum	Corynebacterium lipophiloflavum	Corynebacterium lipophiloflavum	Corynebacterium	Corynebacteriaceae
Corynebacterium 1 lubricantis	Corynebacterium lubricantis	Corynebacterium lubricantis	Corynebacterium	Corynebacteriaceae
Corynebacterium_1 lubricantis	Corynebacterium lubricantis	Corynebacterium lubricantis	Corynebacterium	Corynebacteriaceae
Corynebacterium 1 marinum	Corynebacterium marinum	Corynebacterium marinum	Corynebacterium	Corynebacteriaceae
Corynebacterium_1 marinum	Corynebacterium marinum	Corynebacterium marinum	Corynebacterium	Corynebacteriaceae
Corynebacterium 1 maris	Corynebacterium maris	Corynebacterium maris	Corynebacterium	Corynebacteriaceae
Corynebacterium_1 maris	Corynebacterium maris	Corynebacterium maris	Corynebacterium	Corynebacteriaceae
Corynebacterium 1 massiliense	Corynebacterium massiliense	Corynebacterium massiliense	Corynebacterium	Corynebacteriaceae
Corynebacterium_1 massiliense	Corynebacterium massiliense	Corynebacterium massiliense	Corynebacterium	Corynebacteriaceae
Corynebacterium 1 mucifaciens	Corynebacterium mucifaciens	Corynebacterium mucifaciens	Corynebacterium	Corynebacteriaceae
Corynebacterium_1 mucifaciens	Corynebacterium mucifaciens	Corynebacterium mucifaciens	Corynebacterium	Corynebacteriaceae
Corynebacterium 1 pilbarense	Corynebacterium pilbarense	Corynebacterium pilbarense	Corynebacterium	Corynebacteriaceae
Corynebacterium_1 pilbarense	Corynebacterium pilbarense	Corynebacterium pilbarense	Corynebacterium	Corynebacteriaceae
Corynebacterium 1 pilosum	Corynebacterium pilosum	Corynebacterium pilosum	Corynebacterium	Corynebacteriaceae
Corynebacterium_1 pilosum	Corynebacterium pilosum	Corynebacterium pilosum	Corynebacterium	Corynebacteriaceae
Corynebacterium 1 provencense	Corynebacterium provencense	Corynebacterium provencense	Corynebacterium	Corynebacteriaceae
Corynebacterium_1 provencense	Corynebacterium provencense	Corynebacterium provencense	Corynebacterium	Corynebacteriaceae
Corynebacterium 1 riegelii	Corynebacterium riegelii	Corynebacterium riegelii	Corynebacterium	Corynebacteriaceae
Corynebacterium_1 riegelii	Corynebacterium riegelii	Corynebacterium riegelii	Corynebacterium	Corynebacteriaceae
Corynebacterium 1 segmentosum	Corynebacterium segmentosum	Corynebacterium segmentosum	Corynebacterium	Corynebacteriaceae
Corynebacterium_1 segmentosum	Corynebacterium segmentosum	Corynebacterium segmentosum	Corynebacterium	Corynebacteriaceae
Corynebacterium 1 simulans	Corynebacterium simulans	Corynebacterium simulans	Corynebacterium	Corynebacteriaceae
Corynebacterium_1 simulans	Corynebacterium simulans	Corynebacterium simulans	Corynebacterium	Corynebacteriaceae
Corynebacterium 1 sputi	Corynebacterium sputi	Corynebacterium sputi	Corynebacterium	Corynebacteriaceae
Corynebacterium_1 sputi	Corynebacterium sputi	Corynebacterium sputi	Corynebacterium	Corynebacteriaceae
Corynebacterium 1 stationis	Corynebacterium stationis	Corynebacterium stationis	Corynebacterium	Corynebacteriaceae
Corynebacterium_1 stationis	Corynebacterium stationis	Corynebacterium stationis	Corynebacterium	Corynebacteriaceae
Corynebacterium 1 suicordis	Corynebacterium suicordis	Corynebacterium suicordis	Corynebacterium	Corynebacteriaceae
Corynebacterium_1 suicordis	Corynebacterium suicordis	Corynebacterium suicordis	Corynebacterium	Corynebacteriaceae
Corynebacterium 1 tuberculostearicum	Corynebacterium tuberculostearicum	Corynebacterium tuberculostearicum	Corynebacterium	Corynebacteriaceae
Corynebacterium_1 tuberculostearicum	Corynebacterium tuberculostearicum	Corynebacterium tuberculostearicum	Corynebacterium	Corynebacteriaceae
Corynebacterium 1 urealyticum	Corynebacterium urealyticum	Corynebacterium urealyticum	Corynebacterium	Corynebacteriaceae
Corynebacterium_1 urealyticum	Corynebacterium urealyticum	Corynebacterium urealyticum	Corynebacterium	Corynebacteriaceae
Corynebacterium 1 urinapleomorphum	Corynebacterium urinapleomorphum	Corynebacterium urinapleomorphum	Corynebacterium	Corynebacteriaceae
Corynebacterium_1 urinapleomorphum	Corynebacterium urinapleomorphum	Corynebacterium urinapleomorphum	Corynebacterium	Corynebacteriaceae
Corynebacterium 1 variabile	Corynebacterium variabile	Corynebacterium variabile	Corynebacterium	Corynebacteriaceae
Corynebacterium_1 variabile	Corynebacterium variabile	Corynebacterium variabile	Corynebacterium	Corynebacteriaceae
Escherichia/Shigella coli	Escherichia coli	Escherichia coli	Escherichia	Enterobacteriaceae
Escherichia/Shigella coli	Escherichia coli	Escherichia coli	Escherichia	Enterobacteriaceae
Escherichia/Shigella dysenteriae	Shigella dysenteriae	Shigella dysenteriae	Shigella	Enterobacteriaceae
Escherichia/Shigella dysenteriae	Shigella dysenteriae	Shigella dysenteriae	Shigella	Enterobacteriaceae
Escherichia/Shigella flexneri	Shigella flexneri	Shigella flexneri	Shigella	Enterobacteriaceae
Escherichia/Shigella flexneri	Shigella flexneri	Shigella flexneri	Shigella	Enterobacteriaceae
Escherichia/Shigella sonnei	Shigella sonnei	Shigella sonnei	Shigella	Enterobacteriaceae
Escherichia/Shigella sonnei	Shigella sonnei	Shigella sonnei	Shigella	Enterobacteriaceae
Polaribacter 1 irgensii	Polaribacter irgensii	Polaribacter irgensii	Polaribacter	Flavobacteriaceae
Polaribacter_1 irgensii	Polaribacter irgensii	Polaribacter irgensii	Polaribacter	Flavobacteriaceae
Polaribacter 4 haliotis	Polaribacter haliotis	Polaribacter haliotis	Polaribacter	Flavobacteriaceae
Polaribacter_4 haliotis	Polaribacter haliotis	Polaribacter haliotis	Polaribacter	Flavobacteriaceae
Prevotella 1 ruminicola	Prevotella ruminicola	Prevotella ruminicola	Prevotella	Prevotellaceae
Prevotella_1 ruminicola	Prevotella ruminicola	Prevotella ruminicola	Prevotella	Prevotellaceae
Prevotella 2 loescheii	Prevotella loescheii	Prevotella loescheii	Prevotella	Prevotellaceae
Prevotella_2 loescheii	Prevotella loescheii	Prevotella loescheii	Prevotella	Prevotellaceae
Prevotella 2 saccharolytica	Prevotella saccharolytica	Prevotella saccharolytica	Prevotella	Prevotellaceae
Prevotella_2 saccharolytica	Prevotella saccharolytica	Prevotella saccharolytica	Prevotella	Prevotellaceae
Prevotella 2 shahii	Prevotella shahii	Prevotella shahii	Prevotella	Prevotellaceae
Prevotella_2 shahii	Prevotella shahii	Prevotella shahii	Prevotella	Prevotellaceae
Prevotella 6 colorans	Prevotella colorans	Prevotella colorans	Prevotella	Prevotellaceae
Prevotella_6 colorans	Prevotella colorans	Prevotella colorans	Prevotella	Prevotellaceae
Prevotella 6 corporis	Prevotella corporis	Prevotella corporis	Prevotella	Prevotellaceae
Prevotella_6 corporis	Prevotella corporis	Prevotella corporis	Prevotella	Prevotellaceae
Prevotella 6 salivae	Prevotella salivae	Prevotella salivae	Prevotella	Prevotellaceae
Prevotella_6 salivae	Prevotella salivae	Prevotella salivae	Prevotella	Prevotellaceae
Prevotella 7 baroniae	Prevotella baroniae	Prevotella baroniae	Prevotella	Prevotellaceae
Prevotella_7 baroniae	Prevotella baroniae	Prevotella baroniae	Prevotella	Prevotellaceae
Prevotella 7 buccae	Prevotella buccae	Prevotella buccae	Prevotella	Prevotellaceae
Prevotella_7 buccae	Prevotella buccae	Prevotella buccae	Prevotella	Prevotellaceae
Prevotella_7 corporis	Prevotella corporis	Prevotella corporis	Prevotella	Prevotellaceae
Prevotella 7 corporis	Prevotella corporis	Prevotella corporis	Prevotella	Prevotellaceae
Prevotella 7 dentalis	Prevotella dentalis	Prevotella dentalis	Prevotella	Prevotellaceae
Prevotella_7 dentalis	Prevotella dentalis	Prevotella dentalis	Prevotella	Prevotellaceae
Prevotella 7 denticola	Prevotella denticola	Prevotella denticola	Prevotella	Prevotellaceae
Prevotella_7 denticola	Prevotella denticola	Prevotella denticola	Prevotella	Prevotellaceae
Prevotella 7 histicola	Prevotella histicola	Prevotella histicola	Prevotella	Prevotellaceae
Prevotella_7 histicola	Prevotella histicola	Prevotella histicola	Prevotella	Prevotellaceae
Prevotella 7 melaninogenica	Prevotella melaninogenica	Prevotella melaninogenica	Prevotella	Prevotellaceae
Prevotella_7 melaninogenica	Prevotella melaninogenica	Prevotella melaninogenica	Prevotella	Prevotellaceae
Prevotella_7 multiformis	Prevotella multiformis	Prevotella multiformis	Prevotella	Prevotellaceae
Prevotella 7 multiformis	Prevotella multiformis	Prevotella multiformis	Prevotella	Prevotellaceae
Prevotella 7 multisaccharivorax	Prevotella multisaccharivorax	Prevotella multisaccharivorax	Prevotella	Prevotellaceae
Prevotella_7 multisaccharivorax	Prevotella multisaccharivorax	Prevotella multisaccharivorax	Prevotella	Prevotellaceae
Prevotella 7 pleuritidis	Prevotella pleuritidis	Prevotella pleuritidis	Prevotella	Prevotellaceae
Prevotella_7 pleuritidis	Prevotella pleuritidis	Prevotella pleuritidis	Prevotella	Prevotellaceae
Prevotella_7 ruminicola	Prevotella ruminicola	Prevotella ruminicola	Prevotella	Prevotellaceae
Prevotella 7 ruminicola	Prevotella ruminicola	Prevotella ruminicola	Prevotella	Prevotellaceae
Prevotella 7 salivae	Prevotella salivae	Prevotella salivae	Prevotella	Prevotellaceae
Prevotella_7 salivae	Prevotella salivae	Prevotella salivae	Prevotella	Prevotellaceae
Prevotella 7 veroralis	Prevotella veroralis	Prevotella veroralis	Prevotella	Prevotellaceae
Prevotella_7 veroralis	Prevotella veroralis	Prevotella veroralis	Prevotella	Prevotellaceae
Prevotella 9 copri	Prevotella copri	Prevotella copri	Prevotella	Prevotellaceae
Prevotella_9 copri	Prevotella copri	Prevotella copri	Prevotella	Prevotellaceae
Prevotella 9 paludivivens	Prevotella paludivivens	Prevotella paludivivens	Prevotella	Prevotellaceae
Prevotella_9 paludivivens	Prevotella paludivivens	Prevotella paludivivens	Prevotella	Prevotellaceae
Ruminococcus 1 albus	Ruminococcus albus	Ruminococcus albus	Ruminococcus	Ruminococcaceae
Ruminococcus_1 albus	Ruminococcus albus	Ruminococcus albus	Ruminococcus	Ruminococcaceae
Ruminococcus 1 bicirculans	Ruminococcus bicirculans	Ruminococcus bicirculans	Ruminococcus	Ruminococcaceae
Ruminococcus_1 bicirculans	Ruminococcus bicirculans	Ruminococcus bicirculans	Ruminococcus	Ruminococcaceae
Ruminococcus 2 bromii	Ruminococcus bromii	Ruminococcus bromii	Ruminococcus	Ruminococcaceae
Ruminococcus_2 bromii	Ruminococcus bromii	Ruminococcus bromii	Ruminococcus	Ruminococcaceae
Selenomonas 1 ruminantium	Selenomonas ruminantium	Selenomonas ruminantium	Selenomonas	Selenomonadaceae
Selenomonas_1 ruminantium	Selenomonas ruminantium	Selenomonas ruminantium	Selenomonas	Selenomonadaceae
Selenomonas 3 infelix	Selenomonas infelix	Selenomonas infelix	Selenomonas	Selenomonadaceae
Selenomonas_3 infelix	Selenomonas infelix	Selenomonas infelix	Selenomonas	Selenomonadaceae
Selenomonas 3 noxia	Selenomonas noxia	Selenomonas noxia	Selenomonas	Selenomonadaceae
Selenomonas_3 noxia	Selenomonas noxia	Selenomonas noxia	Selenomonas	Selenomonadaceae
Spirochaeta 2 africana	Spirochaeta africana	Spirochaeta africana	Spirochaeta	Spirochaetaceae
Spirochaeta_2 africana	Spirochaeta africana	Spirochaeta africana	Spirochaeta	Spirochaetaceae
Spirochaeta 2 aurantia	Spirochaeta aurantia	Spirochaeta aurantia	Spirochaeta	Spirochaetaceae
Spirochaeta_2 aurantia	Spirochaeta aurantia	Spirochaeta aurantia	Spirochaeta	Spirochaetaceae
Treponema 2 medium	Treponema medium	Treponema medium	Treponema	Spirochaetaceae
Treponema_2 medium	Treponema medium	Treponema medium	Treponema	Spirochaetaceae
Treponema 2 socranskii	Treponema socranskii	Treponema socranskii	Treponema	Spirochaetaceae
Treponema_2 socranskii	Treponema socranskii	Treponema socranskii	Treponema	Spirochaetaceae
Treponema 2 vincentii	Treponema vincentii	Treponema vincentii	Treponema	Spirochaetaceae
Treponema_2 vincentii	Treponema vincentii	Treponema vincentii	Treponema	Spirochaetaceae
Tyzzerella 4 nexilis	Tyzzerella nexilis	Tyzzerella nexilis	Tyzzerella	Lachnospiraceae
Tyzzerella_4 nexilis	Tyzzerella nexilis	Tyzzerella nexilis	Tyzzerella	Lachnospiraceae